{"loss": [1.3829944133758545, 0.4464172124862671, 0.2626303434371948, 0.18398861587047577, 0.13405847549438477, 0.10770078003406525, 0.08886352181434631, 0.07507141679525375, 0.06540236622095108, 0.05783332884311676], "accuracy": [0.5941247344017029, 0.8604736924171448, 0.9163951873779297, 0.9403940439224243, 0.9556156396865845, 0.9648054838180542, 0.9713066220283508, 0.9761718511581421, 0.9786471128463745, 0.9818336963653564], "val_loss": [0.4970366358757019, 0.2656599283218384, 0.21035420894622803, 0.14526043832302094, 0.152784526348114, 0.1266549825668335, 0.13053005933761597, 0.11230254173278809, 0.1626920849084854, 0.14225779473781586], "val_accuracy": [0.8425335884094238, 0.9148076772689819, 0.9336444139480591, 0.9513430595397949, 0.9514568448066711, 0.9613589644432068, 0.9591964483261108, 0.9677896499633789, 0.9502617716789246, 0.9587981104850769]}